# egyptian-jsesh-codes.tsv: JSesh sign codes and the Unicode code points they denote,
# extracted from the kEH_JSesh field of Unikemet-18.0.0.txt in the Unicode Character
# Database (https://www.unicode.org/Public/UCD/latest/ucd/Unikemet.txt) by
# scripts/convert-mdc-hieroglyphs.py --extract-unikemet. Where Unikemet gives one
# code for several code points, the first is kept. Distributed under the
# Unicode licence, whose notice follows.
#
# UNICODE LICENSE V3
#
# COPYRIGHT AND PERMISSION NOTICE
#
# Copyright © 1991-2026 Unicode, Inc.
#
# NOTICE TO USER: Carefully read the following legal agreement. BY
# DOWNLOADING, INSTALLING, COPYING OR OTHERWISE USING DATA FILES, AND/OR
# SOFTWARE, YOU UNEQUIVOCALLY ACCEPT, AND AGREE TO BE BOUND BY, ALL OF THE
# TERMS AND CONDITIONS OF THIS AGREEMENT. IF YOU DO NOT AGREE, DO NOT
# DOWNLOAD, INSTALL, COPY, DISTRIBUTE OR USE THE DATA FILES OR SOFTWARE.
#
# Permission is hereby granted, free of charge, to any person obtaining a
# copy of data files and any associated documentation (the "Data Files") or
# software and any associated documentation (the "Software") to deal in the
# Data Files or Software without restriction, including without limitation
# the rights to use, copy, modify, merge, publish, distribute, and/or sell
# copies of the Data Files or Software, and to permit persons to whom the
# Data Files or Software are furnished to do so, provided that either (a)
# this copyright and permission notice appear with all copies of the Data
# Files or Software, or (b) this copyright and permission notice appear in
# associated Documentation.
#
# THE DATA FILES AND SOFTWARE ARE PROVIDED "AS IS", WITHOUT WARRANTY OF ANY
# KIND, EXPRESS OR IMPLIED, INCLUDING BUT NOT LIMITED TO THE WARRANTIES OF
# MERCHANTABILITY, FITNESS FOR A PARTICULAR PURPOSE AND NONINFRINGEMENT OF
# THIRD PARTY RIGHTS.
#
# IN NO EVENT SHALL THE COPYRIGHT HOLDER OR HOLDERS INCLUDED IN THIS NOTICE
# BE LIABLE FOR ANY CLAIM, OR ANY SPECIAL INDIRECT OR CONSEQUENTIAL DAMAGES,
# OR ANY DAMAGES WHATSOEVER RESULTING FROM LOSS OF USE, DATA OR PROFITS,
# WHETHER IN AN ACTION OF CONTRACT, NEGLIGENCE OR OTHER TORTIOUS ACTION,
# ARISING OUT OF OR IN CONNECTION WITH THE USE OR PERFORMANCE OF THE DATA
# FILES OR SOFTWARE.
#
# Except as contained in this notice, the name of a copyright holder shall
# not be used in advertising or otherwise to promote the sale, use or other
# dealings in these Data Files or Software without prior written
# authorization of the copyright holder.
#
# code	code point
A1	U+13000
A2	U+13001
A3	U+13002
A4	U+13003
A5	U+13004
A5A	U+13005
A6	U+13006
US1A6BEXTU	U+13008
A7	U+13009
A8	U+1300A
A9	U+1300B
A10	U+1300C
A11	U+1300D
A12	U+1300E
A13	U+1300F
A14	U+13010
A14A	U+13011
A15	U+13012
A16	U+13013
A17	U+13014
A17A	U+13015
A18	U+13016
A19	U+13017
A20	U+13018
A21	U+13019
A22	U+1301A
A23	U+1301B
A24	U+1301C
A25	U+1301D
A26	U+1301E
A27	U+1301F
A28	U+13020
A29	U+13021
A30	U+13022
A31	U+13023
A32	U+13024
A33	U+13026
A34	U+13027
A35	U+13028
A36	U+13029
A37	U+1302A
A38	U+1302B
A39	U+1302C
A40	U+1302D
A40A	U+1302E
A41	U+1302F
A42	U+13030
A42B	U+13031
A43	U+13032
A43M	U+13033
A44	U+13034
A45	U+13035
A45B	U+13036
A46	U+13037
A47	U+13038
A48	U+13039
A49	U+1303A
A50	U+1303B
A51	U+1303C
A52	U+1303D
A53	U+1303E
A54	U+1303F
A55	U+13040
A56	U+13041
A57	U+13042
A58	U+13043
A59	U+13044
A60	U+13045
A61	U+13046
A63	U+13048
A116	U+13049
A469	U+1304A
A239	U+1304B
A199A	U+1304D
A71	U+1304E
A73	U+1304F
B1	U+13050
B2	U+13051
B3	U+13052
B4	U+13053
B5	U+13054
B104	U+13055
B6	U+13056
B8	U+13058
B47	U+13059
C1	U+1305A
C2	U+1305B
C2A	U+1305C
C3	U+1305F
C4	U+13060
C5	U+13061
C6	U+13062
C7	U+13063
C8	U+13064
C10	U+13066
C10A	U+13067
C11	U+13068
C12	U+13069
C12F	U+1306B
C17	U+1306E
C19	U+13070
C20	U+13071
C33	U+13072
C49B	U+13073
C165	U+13074
C185B	U+13075
D1	U+13076
D2	U+13077
D3	U+13078
D4	U+13079
D5	U+1307A
D6	U+1307B
D7	U+1307C
D8	U+1307D
D8A	U+1307E
D9	U+1307F
D10	U+13080
D11	U+13081
D12	U+13082
D13	U+13083
D14	U+13084
D15	U+13085
D16	U+13086
D17	U+13087
D18	U+13088
D19	U+13089
D20	U+1308A
D21	U+1308B
D22	U+1308C
D23	U+1308D
D24	U+1308E
D25	U+1308F
D26	U+13090
D27	U+13091
D27A	U+13092
D28	U+13093
D29	U+13094
D30	U+13095
D31	U+13096
D31A	U+13097
D32	U+13098
D33	U+13099
D34A	U+1309B
D35	U+1309C
D36	U+1309D
D37	U+1309E
D38	U+1309F
D39	U+130A0
D40	U+130A1
D41	U+130A2
D42	U+130A3
D43	U+130A4
D44	U+130A5
D45	U+130A6
D46	U+130A7
D46C	U+130A8
D47	U+130A9
D48	U+130AA
D48A	U+130AB
D49	U+130AC
D50	U+130AD
D51	U+130B7
D52	U+130B8
S125	U+130B9
D53	U+130BA
D54	U+130BB
D54A	U+130BC
D55	U+130BD
D56	U+130BE
D57	U+130BF
D58	U+130C0
D59	U+130C1
D60	U+130C2
D61	U+130C3
D62	U+130C4
D63	U+130C5
D271	U+130C6
D132	U+130C7
D66	U+130C8
D245	U+130C8
E1	U+130D2
E2	U+130D3
E3	U+130D4
E4	U+130D5
E5	U+130D6
E6	U+130D7
E7	U+130D8
E8	U+130D9
E8A	U+130DA
E9	U+130DB
E100	U+130DC
E10	U+130DD
E11	U+130DE
E12	U+130DF
E13	U+130E0
E14	U+130E1
E15	U+130E2
E16	U+130E3
E16AEXTU	U+130E4
E17	U+130E5
E141	U+130E6
E18	U+130E7
E19	U+130E8
E20	U+130E9
E147	U+130EA
E21	U+130EB
E22	U+130EC
E23	U+130ED
E24	U+130EE
E25	U+130EF
E26	U+130F0
E27	U+130F1
E28	U+130F2
US1E28AEXTU	U+130F3
E29	U+130F4
E30	U+130F5
E187	U+130F6
E32	U+130F7
E33	U+130F8
E34	U+130F9
US248E35VARA	U+130FB
E45	U+130FC
E92	U+130FD
F1	U+130FE
F63	U+130FF
F2	U+13100
F3	U+13101
F4	U+13102
F5	U+13103
F6	U+13104
F7	U+13105
F8	U+13106
F9	U+13107
F11	U+13109
F12	U+1310A
F13	U+1310B
F14	U+1310D
F15	U+1310E
F16	U+1310F
F17	U+13110
F18	U+13111
F19	U+13112
F20	U+13113
F21	U+13114
Ff4	U+13115
F22	U+13116
F23	U+13117
F24	U+13118
F25	U+13119
F26	U+1311A
F27	U+1311B
F28	U+1311C
F29	U+1311D
F30	U+1311E
F31	U+1311F
US22F31AEXTU	U+13120
F32	U+13121
F33	U+13122
F34	U+13123
F35	U+13124
F36	U+13125
F37	U+13126
F37B	U+13127
F38	U+13128
F38C	U+13129
F39	U+1312A
F40	U+1312B
F41	U+1312C
F42	U+1312D
F43	U+1312E
F44	U+1312F
F45	U+13130
Aa56	U+13131
F46	U+13132
F46A	U+13133
F47	U+13134
F47A	U+13135
F48	U+13136
F49	U+13137
F50	U+13138
F51	U+13139
F51A	U+1313C
F52	U+1313D
F59	U+1313E
G1	U+1313F
G2	U+13140
G3	U+13141
G4	U+13142
G5	U+13143
G6	U+13144
G139	U+13145
G7	U+13146
G7A	U+13147
G7B	U+13148
G8	U+13149
G9	U+1314A
G10	U+1314B
G11	U+1314C
G11A	U+1314D
G12	U+1314E
G13	U+1314F
G14	U+13150
G15	U+13151
G16	U+13152
G17	U+13153
G18	U+13154
G19	U+13155
G20	U+13156
G90	U+13157
G21	U+13158
G23	U+1315A
G24	U+1315B
G25	U+1315C
G26	U+1315D
G26A	U+1315E
G27	U+1315F
G28	U+13160
G29	U+13161
G30	U+13162
G31	U+13163
G32	U+13164
G33	U+13165
G34	U+13166
G35	U+13167
G36	U+13168
G37	U+1316A
G38	U+1316C
G39	U+1316D
G40	U+1316E
G41	U+1316F
G42	U+13170
G43	U+13171
G44	U+13173
G45	U+13174
G247	U+13175
G46	U+13176
G47	U+13177
G48	U+13178
G50	U+1317A
G51	U+1317B
G52	U+1317C
G53	U+1317D
G54	U+1317E
H1	U+1317F
H2	U+13180
H3	U+13181
H4	U+13182
H5	U+13183
H6	U+13184
H6A	U+13185
H7	U+13186
H8	U+13187
I1	U+13188
I2	U+13189
I3	U+1318A
I4	U+1318B
I5	U+1318C
I5A	U+1318D
I6	U+1318E
I7	U+1318F
I8	U+13190
I9	U+13191
I24	U+13192
I10	U+13193
I31	U+13194
I11	U+13195
I12	U+13197
I13	U+13198
I14	U+13199
I15	U+1319A
K1	U+1319B
K2	U+1319C
K3	U+1319D
K4	U+1319E
K5	U+1319F
K6	U+131A0
K7	U+131A1
K13	U+131A2
L1	U+131A3
L2	U+131A4
L3	U+131A6
L4	U+131A7
L5	U+131A8
L6	U+131A9
L7	U+131AB
L8	U+131AC
M1	U+131AD
M1A	U+131AE
M1E	U+131AF
M48	U+131AF
M2	U+131B0
M3	U+131B1
M3A	U+131B2
M4	U+131B3
M5	U+131B4
M6	U+131B5
M7	U+131B6
M8	U+131B7
M9	U+131B8
M10	U+131B9
M72	U+131BA
M11	U+131BB
M12	U+131BC
M13	U+131C5
M14	U+131C6
M15	U+131C7
M139	U+131C8
M16	U+131C9
M139B	U+131CA
M17	U+131CB
M18	U+131CD
M19	U+131CE
M20	U+131CF
M21	U+131D0
M22	U+131D1
M22B	U+131D2
M23	U+131D3
M24	U+131D4
M127	U+131D5
M25	U+131D6
M26	U+131D7
M27	U+131D8
M140B	U+131DA
M29	U+131DB
M30	U+131DC
M31	U+131DD
US1M31AEXTU	U+131DE
M32	U+131DF
M33	U+131E0
M33A	U+131E1
M34	U+131E3
M35	U+131E4
M36	U+131E5
M37	U+131E6
M38	U+131E7
M39	U+131E8
M40	U+131E9
US1M40AEXTU	U+131EA
M41	U+131EB
M42	U+131EC
M43	U+131ED
M44	U+131EE
N1	U+131EF
N2	U+131F0
N3	U+131F1
N4	U+131F2
N5	U+131F3
N6	U+131F4
N7	U+131F5
N9	U+131F7
N10	U+131F8
N11	U+131F9
N12	U+131FA
N13	U+131FB
N14	U+131FC
N15	U+131FD
N16	U+131FE
N17	U+131FF
N18	U+13200
N19	U+13203
N20	U+13204
N21	U+13205
N22	U+13206
N23	U+13207
N24	U+13208
N25	U+13209
N26	U+1320B
N27	U+1320C
N28	U+1320D
N29	U+1320E
N30	U+1320F
N31	U+13210
N32	U+13211
N33	U+13212
N33A	U+13213
N34	U+13214
N35	U+13216
N35A	U+13217
N36	U+13218
N37	U+13219
N38	U+1321B
N39	U+1321C
N40	U+1321D
N41	U+1321E
N42	U+1321F
NL1	U+13220
NL2	U+13221
NL3	U+13222
NL4	U+13223
NL5	U+13224
NL5A	U+13225
NL6	U+13226
NL7	U+13227
NL8	U+13228
NL9	U+13229
NL10	U+1322A
NL11	U+1322B
NL12	U+1322C
NL13	U+1322D
NL14	U+1322E
NL15	U+1322F
NL16	U+13230
NL17	U+13231
NL17A	U+13232
NL18	U+13233
NL19	U+13234
NL20	U+13235
NU1	U+13236
NU2	U+13237
NU3	U+13238
NU4	U+13239
NU5	U+1323A
NU6	U+1323B
NU7	U+1323C
NU8	U+1323D
NU9	U+1323E
NU10	U+1323F
NU10A	U+13240
NU11	U+13241
NU11A	U+13242
NU12	U+13243
NU13	U+13244
NU14	U+13245
NU15	U+13246
NU16	U+13247
NU17	U+13248
NU18	U+13249
NU18A	U+1324A
NU19	U+1324B
NU20	U+1324C
NU21	U+1324D
NU22	U+1324E
O1	U+13250
O2	U+13252
O3	U+13253
O4	U+13254
O5	U+13255
O5U	U+13256
O6	U+13257
O85A	U+1325B
O85	U+1325C
O7	U+1325E
O8	U+1325F
O9	U+13260
O10	U+13261
US248O10CEXTU	U+13264
O11	U+13265
O12	U+13266
O13	U+13267
O14	U+13268
O15	U+13269
O17	U+1326B
O18	U+1326C
O19	U+1326D
O19A	U+1326E
O20	U+1326F
O21	U+13271
O22	U+13272
O23	U+13273
O24	U+13274
O25	U+13276
O190	U+13277
O26	U+13278
O27	U+13279
O29	U+1327B
O29v	U+1327C
O30	U+1327D
O31	U+1327F
O32	U+13280
O33	U+13281
O34	U+13283
O35	U+13284
O36	U+13285
O37	U+1328A
O38	U+1328B
O39	U+1328C
O40	U+1328D
O41	U+1328E
O42	U+1328F
O43	U+13290
O44	U+13291
O45	U+13292
O46	U+13293
O47	U+13294
O48	U+13295
O49	U+13296
O50	U+13297
Ff8	U+13298
Ff8A	U+13299
O51	U+1329A
P1	U+1329B
P1A	U+1329C
P2	U+1329D
P4	U+132A0
P5	U+132A1
P6	U+132A2
P7	U+132A3
P8	U+132A4
P9	U+132A5
P10	U+132A6
P11	U+132A7
Q1	U+132A8
Q2	U+132A9
Q3	U+132AA
Q4	U+132AB
Q5	U+132AC
Q6	U+132AD
Q7	U+132AE
R1	U+132AF
R2	U+132B0
R1G	U+132B1
R3	U+132B2
R3P	U+132B3
R3PA	U+132B4
R4	U+132B5
R5	U+132B6
R6	U+132B7
R7	U+132B8
R8	U+132B9
R9	U+132BA
R10	U+132BB
R11	U+132BD
R12	U+132BE
R13	U+132BF
R14	U+132C0
R15	U+132C1
R16	U+132C2
R17	U+132C4
R18	U+132C5
R19	U+132C6
R20	U+132C7
R21	U+132C8
R22	U+132C9
R23	U+132CA
R24	U+132CB
R25	U+132CC
R129	U+132CF
O196	U+132D0
S1	U+132D1
S2	U+132D2
S3	U+132D4
S4	U+132D5
S5	U+132D6
S6	U+132D7
S7	U+132D9
S8	U+132DA
S9	U+132DB
S10	U+132DC
S11	U+132DD
S12	U+132DE
S13	U+132DF
S14	U+132E0
S14A	U+132E1
S15	U+132E3
S16	U+132E4
S17	U+132E5
S17A	U+132E6
S18	U+132E7
S19	U+132E8
S20	U+132E9
S21	U+132EA
S22	U+132EB
S23	U+132EC
S24	U+132ED
S25	U+132EE
S26	U+132EF
S27	U+132F2
S28	U+132F3
S29	U+132F4
S30	U+132F5
S31	U+132F6
S32	U+132F7
S33	U+132F8
S34	U+132F9
S35	U+132FA
S36	U+132FC
S37	U+132FD
S38	U+132FE
S39	U+132FF
S40	U+13300
S41	U+13301
S42	U+13302
S43	U+13303
S45	U+13305
S56	U+13306
T1	U+13307
T2	U+13308
T3	U+13309
T43	U+1330A
T4	U+1330B
T5	U+1330C
T6	U+1330D
T7	U+1330E
T7A	U+1330F
T8	U+13310
T8A	U+13311
T9	U+13312
T9A	U+13313
T10	U+13314
T11	U+13315
T60	U+13316
T12	U+13317
T13	U+13318
T14	U+13319
T15	U+1331A
T16	U+1331B
T16A	U+1331C
T17	U+1331D
T18	U+1331E
T19B	U+1331F
T20	U+13320
T21	U+13321
T22	U+13322
T23	U+13323
T24	U+13324
T25	U+13325
T26	U+13326
T27	U+13327
T28	U+13328
T29	U+13329
T30	U+1332A
T31	U+1332B
T32	U+1332C
S123	U+1332D
T33	U+1332E
T34	U+13330
T35	U+13331
U1	U+13333
U2	U+13334
U3	U+13335
U4	U+13336
U5	U+13337
U6	U+13338
U7	U+1333B
U8	U+1333C
U9	U+1333D
U10	U+1333E
U11	U+1333F
U12	U+13340
U13	U+13341
U14	U+13342
U15	U+13343
U16	U+13344
U17	U+13345
U18	U+13346
U19	U+13347
U20	U+13348
U21	U+13349
U22	U+1334A
U23	U+1334B
U24	U+1334D
U25	U+1334E
U26	U+1334F
U27	U+13350
U28	U+13351
U29	U+13352
U29A	U+13353
U30	U+13354
U31	U+13355
U32	U+13356
U33	U+13358
U34	U+13359
U35	U+1335A
U36	U+1335B
U37	U+1335C
U38	U+1335D
U39	U+1335E
U40	U+1335F
U41	U+13360
U116	U+13361
V1	U+13362
V2	U+1336C
Ff6	U+1336D
V3	U+1336E
V4	U+1336F
V5	U+13370
V6	U+13371
V7	U+13372
V60	U+13373
V49A	U+13374
V8	U+13375
V9	U+13376
V10	U+13377
V11	U+13378
V11A	U+13379
V12	U+1337C
H27	U+1337D
V13	U+1337F
V14	U+13380
V15	U+13381
V16	U+13382
V17	U+13383
V18	U+13384
V19	U+13385
V20	U+13386
V21	U+13393
V22	U+13394
V23	U+13395
V23A	U+13396
V24	U+13397
V25	U+13398
V26	U+13399
V27	U+1339A
V28	U+1339B
V71	U+1339C
V29	U+1339D
V90	U+1339E
V30	U+1339F
V31	U+133A1
V31A	U+133A2
V32	U+133A3
V33	U+133A4
V300	U+133A5
V34	U+133A6
V35	U+133A7
V36	U+133A8
V37	U+133A9
F143A	U+133AA
V38	U+133AB
V39	U+133AC
V20h	U+133AD
W1	U+133AF
W2	U+133B0
W3	U+133B1
W4	U+133B3
W5	U+133B4
W6	U+133B5
W7	U+133B6
W8	U+133B7
W9	U+133B8
W9R	U+133B9
W10	U+133BA
W10A	U+133BB
W11	U+133BC
W12	U+133BD
W13	U+133BE
W14	U+133BF
W15	U+133C1
W16	U+133C2
W17	U+133C3
US22W17BVARE	U+133C4
W18	U+133C5
US22W17BVARD	U+133C6
W19	U+133C7
W20	U+133C8
W21	U+133C9
W22	U+133CA
W23	U+133CB
W24	U+133CC
W25	U+133CE
X1	U+133CF
X2	U+133D0
X3	U+133D1
X4F	U+133D2
X4A	U+133D3
X5	U+133D5
X6	U+133D6
US1X6AEXTU	U+133D7
X7	U+133D8
X8	U+133D9
Y1	U+133DB
Y1v	U+133DC
Y2	U+133DD
Y3	U+133DE
Y4	U+133DF
Y5	U+133E0
Y6	U+133E1
Y7	U+133E2
Y8	U+133E3
Z1	U+133E4
Z2	U+133E5
Z2D	U+133E6
Z2A	U+133E8
Z2B	U+133E9
Z3	U+133EA
Z3A	U+133EB
Z4	U+133ED
Z4A	U+133EE
Z5	U+133EF
Z6	U+133F1
Z7	U+133F2
Z8	U+133F3
Z9	U+133F4
Z10	U+133F5
Z11	U+133F6
Z12	U+133F7
US1Z13EXTU	U+133F8
Ff1	U+133F9
Aa1	U+1340D
Aa2	U+1340E
Aa3	U+1340F
Aa4	U+13410
Aa5	U+13411
Aa6	U+13412
Aa7	U+13413
Aa7B	U+13415
Aa8	U+13416
Aa9	U+13417
Aa10	U+13418
Aa11	U+13419
Aa12	U+1341A
Aa13	U+1341B
Aa14	U+1341C
Aa15	U+1341D
Aa16	U+1341E
Aa17	U+1341F
Aa18	U+13420
Aa19	U+13421
Aa20	U+13422
Aa21	U+13423
Aa22	U+13424
Aa23	U+13425
Aa24	U+13426
Aa25	U+13427
Aa26	U+13428
Aa27	U+13429
Aa28	U+1342A
Aa29	U+1342B
Aa30	U+1342C
Aa32	U+1342E
A426B	U+13466
A68	U+13468
A69	U+1346A
A426	U+1346B
A72A	U+1346C
A3B	U+1346E
A2A	U+13470
A7A	U+13474
A4B	U+13475
A4C	U+13478
A478	U+13479
A75	U+1347B
A76A	U+1347D
A1C	U+13483
A76	U+13484
A426A	U+13485
A62	U+13488
A78	U+13489
A109E	U+1348A
A80	U+1348B
A195	U+1348D
A81	U+1348F
A81A	U+13490
A81B	U+13491
A359	U+13492
A362	U+13493
A363	U+13494
A364	U+13495
A31C	U+13497
A31A	U+13498
A31B	U+13499
A366	U+1349A
A84	U+1349B
A85	U+1349D
A86	U+1349E
A27A	U+1349F
A343	U+134A1
A365	U+134A2
A16A	U+134A6
A16C	U+134A8
A16B	U+134A9
A87	U+134AA
A87A	U+134AB
A90	U+134AC
A91	U+134AE
A372	U+134AF
A92	U+134B3
A93	U+134B7
A95	U+134B9
A97	U+134BA
A98	U+134BC
A374	U+134BD
A99	U+134BE
A96	U+134BF
A100B	U+134C1
A102	U+134C2
A101	U+134C3
A101D	U+134C5
A21A	U+134C6
A21B	U+134C7
A23F	U+134CB
A113	U+134CE
A332	U+134CF
A108	U+134D0
A109h	U+134D1
A109	U+134D3
A109C	U+134D4
A109A	U+134D5
A109B	U+134D6
A111	U+134D9
A114B	U+134DB
A114	U+134DC
A116B	U+134DD
A115	U+134DE
A410	U+134DF
A57B	U+134E4
A9C	U+134E6
A119	U+134EA
A401	U+134EC
A121	U+134ED
A184	U+134F1
A376	U+134F2
A377	U+134F3
A378	U+134F4
A379	U+134F5
A380	U+134F8
A357	U+134FA
A402	U+134FB
A131C	U+134FC
A9B	U+134FD
A123	U+134FE
A124	U+13500
A125	U+13501
A119A	U+13503
A121C	U+13504
A407	U+13505
A406	U+13506
A131A	U+13508
A190	U+1350F
A133A	U+13515
A6B	U+13517
A6A	U+13519
A6E	U+1351A
A6K	U+1351B
A133B	U+1351D
A6G	U+1351E
A135B	U+13521
A135C	U+13522
A135D	U+13523
A136	U+13524
A60A	U+13525
A5B	U+13529
A141	U+1352B
A142	U+1352C
A143	U+1352D
A144	U+1352F
A148	U+13530
A150	U+13531
A34B	U+13532
A35E	U+13535
A35F	U+13537
A158	U+1353A
A158B	U+1353B
A158D	U+1353C
A158F	U+1353D
A36C	U+1353E
A36A	U+1353F
A143A	U+13540
A398	U+13542
A415	U+13543
A416	U+13544
A417	U+13545
A420	U+13546
A139A	U+13547
A316	U+13549
A351	U+1354A
A413	U+1354B
A418	U+1354C
A160	U+1354E
A48A	U+13552
A48B	U+13553
A47C	U+13555
A47D	U+1355A
A47E	U+1355B
A453	U+1355E
A461	U+1355F
A462	U+13560
A33A	U+13563
A166	U+13565
A33D	U+13566
A165	U+13567
A383	U+13568
A419	U+13569
A33E	U+1356A
A168	U+1356B
A355	U+1356D
A169	U+1356E
A170	U+1356F
A171	U+13570
A385	U+13571
A174	U+13573
A176A	U+13575
A457	U+13576
A369	U+13577
A181	U+13579
A182	U+1357A
A183	U+1357B
A184A	U+1357C
A187	U+1357D
A186	U+1357F
A458	U+13580
A188	U+13581
A189	U+13583
A376A	U+13584
A384	U+13586
A340	U+13587
A412	U+13588
A412A	U+13589
A199	U+13591
A200	U+13593
A59A	U+13594
A25A	U+13596
A206	U+1359A
A12C	U+1359B
A12D	U+1359C
A76C	U+1359E
A211	U+135A0
A211A	U+135A2
A212A	U+135A3
A207A	U+135A4
A77	U+135A5
A12A	U+135AA
A13A	U+135AF
A13B	U+135B0
A13E	U+135B6
A13F	U+135B7
A13G	U+135B8
A216	U+135BC
A219A	U+135BD
A219	U+135BE
A216B	U+135BF
A216D	U+135C1
A216E	U+135C2
A216F	U+135C5
A216h	U+135C6
A216C	U+135C8
A221	U+135CA
A14G	U+135CC
A14I	U+135CE
A14B	U+135CF
A14C	U+135D0
A14h	U+135D1
A14D	U+135D2
A223	U+135D5
A223A	U+135D6
A225	U+135D7
A422	U+135DA
A424	U+135DB
A32A	U+135DE
A32h	U+135DF
A32F	U+135E1
A32D	U+135E2
A233	U+135E3
A32G	U+135E4
A32B	U+135E5
A320	U+135E6
A236	U+135E9
A409	U+135EA
A302D	U+135EF
A239A	U+135F1
A241	U+135FB
A244	U+135FE
A245A	U+135FF
A245C	U+13600
A245D	U+13602
A247	U+13604
A248	U+13605
A248B	U+13606
A427	U+13608
A249A	U+13609
A249	U+1360A
A250	U+1360C
A251	U+1360D
A252	U+1360E
A253	U+1360F
A254	U+13611
A428	U+13613
A256	U+13614
A342	U+13615
A259	U+13616
A257	U+13617
A429	U+13618
A431	U+1361A
A430	U+1361B
A261	U+1361C
A17D	U+1361D
A275	U+1361E
A262	U+1361F
A267	U+13623
A270	U+13624
A272	U+13625
A273	U+13627
A274	U+13629
A17C	U+1362B
A442	U+1362E
A444	U+1362F
A446	U+13630
A491	U+13631
A278A	U+13634
A278B	U+13635
A17B	U+13636
A279	U+13637
A281	U+13638
A441	U+1363A
A282	U+1363D
A50B	U+1363E
A50C	U+13640
A51A	U+13641
A51B	U+13643
A51C	U+13644
A51D	U+13645
A285	U+13648
A63A	U+13649
A63B	U+1364B
A50A	U+1364C
A288	U+1364D
A51G	U+1364E
A50G	U+1364F
A40B	U+13655
A40C	U+13658
A42A	U+13659
A40D	U+1365A
A40E	U+1365B
A42C	U+1365C
A290	U+1365D
A291	U+1365E
A292	U+1365F
A296E	U+13662
A296	U+13664
A23C	U+13665
A296B	U+13666
C261	U+13667
A23A	U+13668
A508	U+13669
A23E	U+1366A
A23h	U+1366B
A455	U+1366C
A298	U+1366D
A43A	U+13671
A43B	U+13673
A43C	U+13675
A43J	U+13676
A43D	U+13678
A43L	U+13679
A43E	U+1367A
A43I	U+1367B
A43F	U+1367C
A43G	U+1367D
A274A	U+13680
A300	U+13684
A45A	U+1368B
A45C	U+1368C
A45D	U+1368D
A45E	U+1368F
A302B	U+13690
A301	U+13691
A301A	U+13692
A57D	U+13697
A304	U+13698
C32B	U+13699
A304A	U+1369A
A304C	U+1369B
A304D	U+1369C
A304E	U+1369D
A304F	U+1369E
A304G	U+1369F
C32	U+136A0
A305	U+136A1
A307	U+136A3
US1A22VARA	U+136A4
A311	U+136A5
A311A	U+136A6
A311B	U+136A7
A311D	U+136A8
A311C	U+136A9
A311E	U+136AA
A311F	U+136AB
A466	U+136AC
A466A	U+136AD
A52J	U+136B0
A52A	U+136B1
A52B	U+136B2
A52E	U+136B3
A52F	U+136B4
A341	U+136B5
A53A	U+136B7
A55A	U+136B8
B73	U+136BA
A313	U+136BB
A333	U+136BC
A336	U+136BE
A450	U+136BF
A66	U+136C2
A33C	U+136C3
A103	U+136C4
A104	U+136C5
A104B	U+136C8
A153	U+136C9
A153A	U+136CA
A432	U+136CD
A433	U+136CE
A437	U+136CF
A438	U+136D0
A470	U+136D1
A488	U+136D3
B1A	U+136D4
B1B	U+136D5
B7C	U+136D6
B7A	U+136D8
B7J	U+136DA
B7E	U+136DB
B7F	U+136DC
B7I	U+136DD
B1F	U+136DF
B1G	U+136E0
B1I	U+136E1
B1E	U+136E2
B51	U+136E3
B53	U+136E4
B56	U+136E5
B76	U+136E6
B1D	U+136E7
B1J	U+136E8
B1K	U+136E9
B1C	U+136EB
B10	U+136EC
B54	U+136ED
B18A	U+136EE
B29	U+136EF
B8A	U+136F0
B8C	U+136F1
B8B	U+136F2
B8D	U+136F3
B105	U+136F4
B8G	U+136F5
B12	U+136F6
B13	U+136F7
B65	U+136F8
B16	U+136F9
B15	U+136FA
B59	U+136FB
B11	U+136FC
B19	U+136FD
B82	U+136FE
B21A	U+13700
B21B	U+13701
B21	U+13703
B23B	U+13705
B94	U+13706
B22	U+13707
B23A	U+13709
B23F	U+1370B
B21D	U+1370D
B78	U+1370E
B27	U+13710
B28	U+13712
B88	U+13714
B24	U+13715
B24A	U+13716
B64	U+13717
B65A	U+13718
B34	U+13719
B35	U+1371A
B52	U+1371C
B58	U+1371D
B72	U+13720
B68	U+13721
B70	U+13724
B77	U+13725
B79	U+13727
B83	U+13728
B38	U+1372A
B38A	U+1372B
B39	U+1372C
B41	U+1372E
B43	U+1372F
B81	U+13730
B45	U+13732
B45B	U+13733
B45A	U+13734
B57	U+13735
B2A	U+13737
B3A	U+13738
B3B	U+13739
B5D	U+1373D
B5A	U+1373E
B5B	U+1373F
B5C	U+13740
B6C	U+13741
B6A	U+13742
B6B	U+13743
B36A	U+13745
B67	U+13746
B85	U+13748
C118A	U+13749
C118	U+1374A
C119B	U+1374D
C119	U+1374E
C121	U+1374F
C122	U+13750
C123	U+13751
C125A	U+13755
C126	U+13756
C127	U+13757
C132	U+13759
C133	U+1375A
C136	U+1375B
C262A	U+1375C
C140A	U+1375E
C270	U+1375F
C308	U+13761
C309	U+13762
C12A	U+13763
C12K	U+13764
C12B	U+13765
C12C	U+13766
C12L	U+13767
C12D	U+13768
C12E	U+13769
C12M	U+1376A
C304	U+1376B
C12I	U+1376D
C6B	U+1376E
C6D	U+1376F
C6E	U+13770
C6A	U+13771
C21	U+13772
C22B	U+13773
C22A	U+13774
C22	U+13775
C22C	U+13777
C23	U+13778
C24	U+13779
C25	U+1377A
C25A	U+1377C
C26	U+1377D
C27A	U+13780
C28	U+13781
C22D	U+13782
C22F	U+13783
C22h	U+13785
C27B	U+13786
C27D	U+13787
C27	U+1378A
Q44	U+1378C
C30	U+1378D
C30A	U+1378E
C272	U+13790
C280	U+13791
C34	U+13792
C104D	U+13795
C39	U+13796
C40	U+13797
C39A	U+13798
C39C	U+13799
C39D	U+1379A
C39E	U+1379B
C39F	U+1379C
C268A	U+1379D
C2B	U+1379E
C268B	U+1379F
C268C	U+137A0
C268	U+137A1
C2F	U+137A2
C2I	U+137A4
C2D	U+137A5
C268D	U+137A6
C268G	U+137A7
C43	U+137AA
C43A	U+137AB
C43B	U+137AC
C43C	U+137AD
C43D	U+137AE
C43E	U+137AF
C43G	U+137B0
C291	U+137B3
C292	U+137B4
C45	U+137B5
C46	U+137B6
C46C	U+137B7
C17A	U+137B8
C17B	U+137B9
C48	U+137BB
C49	U+137BC
C49A	U+137BD
C50A	U+137BE
C50	U+137BF
C52	U+137C0
C52A	U+137C1
C52B	U+137C2
C52D	U+137C3
C53B	U+137C5
C58	U+137CC
C59C	U+137CD
C61	U+137CF
C61A	U+137D0
C64	U+137D1
C64A	U+137D3
C66	U+137D5
C65	U+137D6
C65A	U+137D7
C67	U+137D8
C68	U+137D9
C69	U+137DA
C69A	U+137DB
C70	U+137DC
C293	U+137DD
C71	U+137DF
C72	U+137E0
C71A	U+137E1
C73	U+137E3
C76	U+137E4
C76A	U+137E5
C74	U+137E6
C77	U+137E7
C11L	U+137EC
C11B	U+137EF
C11C	U+137F1
C11E	U+137F2
C11G	U+137F4
C11J	U+137F5
C78	U+137F7
C78A	U+137F8
C78C	U+137F9
C78B	U+137FA
C78G	U+137FB
C78D	U+137FF
C78E	U+13800
C79	U+13805
C84	U+1380A
C4J	U+1380B
C4A	U+1380C
C4B	U+1380D
C4D	U+1380E
C4F	U+13812
C4I	U+13813
C4G	U+13814
C35	U+13816
C88	U+1381B
C87	U+1381D
C8A	U+1381F
C38B	U+13820
C89	U+13821
C91	U+13822
C92A	U+13823
C91A	U+13824
C91B	U+13825
C92	U+13826
C92B	U+13827
C94	U+13828
C95	U+1382B
C96	U+1382C
A479	U+1382F
C98A	U+13830
C98	U+13831
C99	U+13832
C98B	U+13833
C98D	U+13834
C101	U+13837
C101A	U+13838
C102A	U+13839
C102	U+1383A
C102D	U+1383B
C19A	U+1383D
C19C	U+1383E
C20A	U+13840
C1D	U+13843
C1A	U+13844
C1B	U+13845
C103	U+13848
C7A	U+13849
C7D	U+1384A
C106B	U+1384C
C105D	U+1384D
C105C	U+1384E
C105E	U+1384F
C264	U+13850
C107	U+13851
C107A	U+13852
C253	U+13854
C303	U+13855
C108A	U+13856
C111	U+13857
C111B	U+13858
C112	U+1385A
C18F	U+1385B
C18C	U+1385E
C18E	U+1385F
C18D	U+13861
C3A	U+13864
C114	U+13867
C114A	U+13868
C115A	U+13869
C116	U+1386D
C116A	U+1386E
C116B	U+1386F
C117	U+13870
C285	U+13871
C274	U+13872
C286	U+13873
C307	U+13874
C148	U+13876
C148A	U+13877
C149	U+13878
C149A	U+13879
C138	U+1387A
C138B	U+1387B
C138C	U+1387C
C9	U+1387D
C9J	U+1387E
C9A	U+1387F
C9B	U+13880
C9C	U+13881
C9D	U+13882
C9G	U+13883
C9h	U+13884
C9E	U+13885
C9K	U+13886
C151	U+1388C
C151A	U+1388D
C153	U+13890
C228	U+13891
C282	U+13894
C157	U+13898
C155B	U+1389A
C159	U+1389D
C159A	U+1389E
C159B	U+1389F
C159D	U+138A0
C159E	U+138A1
C159h	U+138A2
C159I	U+138A3
C159C	U+138A5
C159G	U+138A6
C260	U+138A7
C161	U+138A8
C163	U+138AA
C163A	U+138AB
C310	U+138AC
C164	U+138AE
C164A	U+138AF
C164B	U+138B0
C164C	U+138B1
C275	U+138B2
C164D	U+138B3
C275A	U+138B4
C164E	U+138B5
C164F	U+138B6
C165A	U+138B7
C165D	U+138B9
C289	U+138BC
C166A	U+138BD
C170	U+138BE
C171A	U+138BF
C171	U+138C0
C10B	U+138C8
C10C	U+138C9
C10D	U+138CA
C10F	U+138CB
C10G	U+138CC
C10E	U+138CD
C175	U+138CF
C175A	U+138D0
C177	U+138D3
C178A	U+138D4
C179	U+138D5
C174	U+138D6
C180	U+138D7
C276	U+138D8
C180B	U+138DA
C180C	U+138DB
C182	U+138DC
C182A	U+138DD
C183A	U+138DE
C224	U+138E2
C185	U+138E5
C185D	U+138E6
C185A	U+138E7
C306	U+138EA
C188	U+138EB
C188B	U+138ED
C190	U+138F1
C190C	U+138F2
C190D	U+138F3
C193	U+138F4
C195B	U+138F5
C195	U+138F6
C195A	U+138F7
C196	U+138F8
C197A	U+138FA
C199	U+138FC
C199A	U+138FD
C205	U+138FF
C206	U+13901
C207	U+13902
C208	U+13903
C209	U+13904
C211	U+13905
C198	U+13906
C231	U+13907
C214	U+13909
B80	U+1390A
B80A	U+1390B
C233	U+13910
C233A	U+13911
C234	U+13913
C216B	U+13915
C218	U+13916
C218A	U+13917
C235	U+13918
C141	U+13919
C217	U+1391A
C277	U+1391B
C278	U+1391C
C298	U+1391D
C222B	U+1391E
C229	U+1391F
C255B	U+13920
C255C	U+13921
C239	U+13923
C240	U+13924
C238	U+13927
C267	U+13929
C242	U+1392A
D72	U+1392F
D65	U+13930
D68	U+13931
D67	U+13932
D392	U+13935
D77	U+13937
D124	U+1393A
D82	U+1393C
D123	U+1393F
D86	U+13940
D81	U+13941
D84	U+13942
D85	U+13943
D79	U+13945
D80	U+13946
D83	U+13947
D115	U+13948
D125	U+13949
D116	U+1394A
D121	U+1394B
D106	U+1394C
D98	U+1394E
D96	U+1394F
D100	U+13950
D101	U+13951
D394	U+13952
D112	U+13953
D113	U+13954
D114	U+13955
D87	U+13956
D103	U+13957
D89	U+13958
D88	U+13959
D97	U+1395A
D117	U+1395B
D91	U+1395C
D92	U+1395D
D93	U+1395E
D118	U+1395F
D99	U+13960
D94	U+13961
D95	U+13962
D104	U+13963
D109	U+13964
D119	U+13965
D102	U+13966
D107	U+13967
D126	U+13968
D90	U+13969
D3A	U+1396A
D127	U+1396B
D3B	U+1396C
D129	U+1396D
D128	U+1396E
D131	U+1396F
D129A	U+13970
D130	U+13971
D134	U+13974
D138	U+13976
D334A	U+13978
D139	U+13979
D7A	U+1397A
D140	U+1397B
D141	U+1397C
D135	U+1397F
D7C	U+13980
D7B	U+13981
D8B	U+13982
D8C	U+13984
D9A	U+13986
D143	U+13987
D143A	U+13988
D143B	U+1398A
D10A	U+1398C
D10B	U+1398D
D144A	U+1398E
D76	U+13990
D149	U+13992
D146	U+13993
D150	U+13994
D151B	U+13995
D153	U+13996
D154	U+13999
D152	U+1399B
D26B	U+1399C
D26A	U+1399D
D156	U+1399E
D159	U+1399F
D28A	U+139A1
D176	U+139A3
D32B	U+139A6
D32D	U+139A7
D32A	U+139A8
D32C	U+139A9
D194	U+139AA
D197	U+139AC
D200	U+139AD
D405	U+139AE
D33C	U+139B0
D33B	U+139B1
D333	U+139B2
D34C	U+139B8
D34B	U+139BB
D346	U+139BD
D369	U+139BE
D371	U+139BF
D372	U+139C0
D35A	U+139C2
D207	U+139C4
D211	U+139C6
D210	U+139C7
D228	U+139C8
D220	U+139CB
D217	U+139CC
D218	U+139CD
D219	U+139CE
D229	U+139D0
D229A	U+139D2
D231	U+139D3
D230	U+139D4
D221	U+139D8
D261	U+139D9
D382	U+139DA
D234	U+139DB
D236A	U+139DC
D235	U+139DD
D263	U+139DF
D264	U+139E0
D237	U+139E1
D238	U+139E2
D239	U+139E3
D240	U+139E4
D241	U+139E5
D242	U+139E6
D243	U+139E7
D244	U+139E8
D336A	U+139EB
D246	U+139ED
D259	U+139EE
D262	U+139EF
D260	U+139F0
D250	U+139F1
D251	U+139F2
D253	U+139F3
D254	U+139F4
D358	U+139F5
D257	U+139F6
D46D	U+139F7
D46A	U+139F8
D47A	U+139FB
D266	U+139FC
D267	U+139FE
D273	U+13A00
D272	U+13A01
D274	U+13A03
D275A	U+13A04
D50A	U+13A05
D280	U+13A07
D283	U+13A0A
D284	U+13A0B
F181	U+13A0C
N104B	U+13A0E
D412	U+13A0F
F182	U+13A10
Aa55	U+13A11
D286	U+13A12
D287	U+13A13
D291	U+13A15
D292	U+13A16
D288	U+13A17
D289	U+13A18
D57C	U+13A1B
D57D	U+13A1C
D300	U+13A1D
D413	U+13A20
D63C	U+13A22
D63A	U+13A23
D63F	U+13A24
D63G	U+13A25
D63B	U+13A27
D63E	U+13A28
D322B	U+13A29
D319	U+13A2A
D323A	U+13A2B
D323	U+13A2C
D326A	U+13A2D
D326B	U+13A2E
D373	U+13A2F
D327	U+13A30
D329	U+13A31
D157	U+13A32
Z25	U+13A33
D158	U+13A34
E221	U+13A36
E20A	U+13A38
E214A	U+13A39
E214	U+13A3A
E214C	U+13A3B
E216C	U+13A3C
E216	U+13A3D
E216F	U+13A3E
E216A	U+13A3F
E216L	U+13A40
E216D	U+13A42
E216I	U+13A43
E148N	U+13A44
E216G	U+13A45
E216h	U+13A46
E216J	U+13A47
E215A	U+13A48
E215	U+13A49
E215B	U+13A4A
E215D	U+13A4B
E146	U+13A4C
E21A	U+13A4D
E21E	U+13A4E
E147A	U+13A4F
E148	U+13A50
E148A	U+13A51
E148D	U+13A52
E148I	U+13A53
E21D	U+13A54
E149	U+13A55
E149A	U+13A56
E243	U+13A57
E244	U+13A58
E77	U+13A5A
E205	U+13A5B
E72A	U+13A5C
E198	U+13A5D
E73	U+13A5E
E78	U+13A5F
E78A	U+13A60
E74B	U+13A61
E73C	U+13A62
E76	U+13A64
E76A	U+13A65
E11A	U+13A67
E179	U+13A68
E181	U+13A6A
E191	U+13A6B
E223	U+13A6C
E224	U+13A6D
E226	U+13A6E
E183	U+13A6F
E184	U+13A70
E11B	U+13A71
E239	U+13A72
E103A	U+13A75
E103	U+13A76
E104	U+13A77
E105	U+13A78
E9B	U+13A79
E9A	U+13A7A
E9C	U+13A7B
E227	U+13A7D
E139	U+13A7E
E195	U+13A7F
E294	U+13A80
E141A	U+13A82
E228	U+13A85
E14B	U+13A86
E15A	U+13A87
E15C	U+13A88
E204	U+13A89
E15B	U+13A8A
E143	U+13A8C
E16A	U+13A8E
E145A	U+13A90
E143A	U+13A94
E143B	U+13A95
E145	U+13A96
E206	U+13A97
E231	U+13A98
E86A	U+13A9A
E88	U+13A9B
E232	U+13A9C
E13A	U+13A9E
E90	U+13AA2
E91	U+13AA3
E6C	U+13AA5
E6A	U+13AA6
E6B	U+13AA8
E233	U+13AA9
E186	U+13AAA
E8B	U+13AAB
US1E31VARA	U+13AAC
E31	U+13AAD
E80A	U+13AAE
E80	U+13AAF
E235	U+13AB0
E236	U+13AB1
E132	U+13AB2
E132A	U+13AB3
E133	U+13AB4
E134	U+13AB5
E134A	U+13AB6
E137	U+13AB7
E283	U+13ABA
E82	U+13ABB
E258	U+13ABC
E34A	U+13ABF
E81	U+13AC0
E278	U+13AC1
E22A	U+13AC2
E200A	U+13AC3
E23A	U+13AC4
E108A	U+13AC6
E108	U+13AC7
E238	U+13AC8
E107	U+13AC9
E110	U+13ACA
E110A	U+13ACB
E111	U+13ACC
E112	U+13ACD
E114	U+13ACE
E109	U+13ACF
E116	U+13AD0
E240	U+13AD2
E241	U+13AD3
E117	U+13AD4
E120	U+13AD7
E121	U+13AD8
E122	U+13AD9
E120A	U+13ADB
E124	U+13ADC
E127	U+13ADD
E125	U+13ADE
E242	U+13ADF
E266	U+13AE0
E295	U+13AE1
E24A	U+13AE5
E35	U+13AE8
E36	U+13AEA
E37	U+13AEB
E37A	U+13AEC
E38	U+13AED
E39	U+13AEE
E42	U+13AF0
E48	U+13AF1
E43	U+13AF2
E44	U+13AF3
E270	U+13AF4
E196	U+13AF5
E247	U+13AF6
E46	U+13AF8
E46A	U+13AF9
E47	U+13AFA
E49	U+13AFC
E50	U+13AFD
E194	U+13AFE
E51	U+13B00
E51A	U+13B02
E53	U+13B03
E54	U+13B04
E57	U+13B05
E58A	U+13B06
E58	U+13B07
E60	U+13B08
E61	U+13B09
E63	U+13B0B
E63A	U+13B0D
E66	U+13B0F
E67	U+13B10
E68	U+13B11
E248	U+13B13
E130	U+13B14
E151A	U+13B15
E151	U+13B16
E153	U+13B17
E156	U+13B18
E154	U+13B19
E157A	U+13B1A
E157	U+13B1B
E158	U+13B1D
E159	U+13B1F
E159B	U+13B22
E154A	U+13B23
E162	U+13B24
E152	U+13B25
C274A	U+13B27
C274B	U+13B28
E164	U+13B29
E170	U+13B2A
E1C	U+13B2B
E219	U+13B2C
E167	U+13B2D
E169	U+13B2E
E171	U+13B2F
E174	U+13B32
E174E	U+13B33
E174A	U+13B36
E174D	U+13B37
E175	U+13B38
E176	U+13B39
E174C	U+13B3A
E165	U+13B3C
E199A	U+13B3D
E201	U+13B3E
E207A	U+13B3F
E207	U+13B40
E209	U+13B41
E210	U+13B42
E173	U+13B43
E92A	U+13B44
E94A	U+13B45
E101	U+13B46
E5B	U+13B47
E94	U+13B48
E95	U+13B49
E97	U+13B4B
E255	U+13B4C
E100A	U+13B4E
E101A	U+13B50
E102A	U+13B51
E290	U+13B54
E291	U+13B55
E254	U+13B56
E1A	U+13B57
E83	U+13B59
E178	U+13B5A
E131	U+13B5B
F53	U+13B5C
F55	U+13B5E
F54	U+13B5F
F7B	U+13B60
F7C	U+13B62
F7A	U+13B63
F164	U+13B64
F170	U+13B66
F8A	U+13B67
F8B	U+13B68
F58	U+13B69
F1A	U+13B6B
F2A	U+13B6C
F61	U+13B6D
F2B	U+13B6F
F116	U+13B70
F63A	U+13B72
E177	U+13B74
F67A	U+13B76
F67B	U+13B78
F67D	U+13B79
F68A	U+13B7A
F68B	U+13B7C
F69	U+13B7D
F71	U+13B7E
F70	U+13B7F
F70C	U+13B80
F12A	U+13B81
F11A	U+13B82
F10	U+13B83
F66	U+13B84
F78	U+13B86
F81	U+13B87
F82	U+13B88
F83	U+13B89
F85	U+13B8A
F86	U+13B8B
F88	U+13B8C
F89	U+13B8D
F84	U+13B8E
F3A	U+13B8F
F154	U+13B90
F92	U+13B91
F4A	U+13B92
E128	U+13B93
E129	U+13B94
F90	U+13B95
F93B	U+13B96
F97	U+13B97
F98	U+13B99
F98A	U+13B9A
F98D	U+13B9B
F97B	U+13B9C
F98B	U+13B9D
F98C	U+13BA0
F100	U+13BA1
F80	U+13BA2
F173	U+13BA4
F14A	U+13BA5
F102	U+13BA6
O44A	U+13BA7
F177	U+13BA8
F107	U+13BAA
F107A	U+13BAB
F18B	U+13BAC
F18A	U+13BAD
F112	U+13BAF
F121	U+13BB0
F122	U+13BB1
F19B	U+13BB2
F20B	U+13BB3
F20A	U+13BB5
F21A	U+13BB6
F178	U+13BB7
F25A	U+13BB8
F115	U+13BBA
F119	U+13BBB
F114	U+13BBC
F118	U+13BBE
F118B	U+13BC1
F118C	U+13BC2
F118A	U+13BC3
F158A	U+13BC4
F124	U+13BC5
F124B	U+13BC6
F27A	U+13BC7
F27B	U+13BC8
F125	U+13BCA
F123	U+13BCB
F29C	U+13BCC
M223	U+13BCE
F127	U+13BCF
F30A	U+13BD0
F30B	U+13BD1
F128	U+13BD4
F33B	U+13BD6
F131	U+13BD7
F132	U+13BD8
F132C	U+13BD9
F132B	U+13BDA
F131B	U+13BDB
F132A	U+13BDC
F35A	U+13BDE
R26A	U+13BE0
R26	U+13BE1
R26B	U+13BE2
F172	U+13BE3
F38B	U+13BE5
F37C	U+13BE6
F37M	U+13BE7
F37F	U+13BE9
F37L	U+13BEB
F39A	U+13BEC
F40A	U+13BED
F40E	U+13BEE
F40B	U+13BEF
F41C	U+13BF0
F41B	U+13BF1
F41A	U+13BF2
F42B	U+13BF3
Aa34	U+13BF5
Aa34A	U+13BF6
F140	U+13BF7
F161	U+13BF8
F141	U+13BF9
F142	U+13BFA
F113	U+13BFB
F147	U+13BFC
F46B	U+13BFD
F144	U+13BFE
F144A	U+13BFF
F144B	U+13C00
Aa3A	U+13C01
Aa3B	U+13C02
D279	U+13C05
F146	U+13C06
F130	U+13C07
F139	U+13C08
Aa52	U+13C09
Aa53	U+13C0A
G34A	U+13C0B
G228	U+13C0C
G4A	U+13C0D
G68	U+13C0E
G68A	U+13C0F
G39A	U+13C10
G276	U+13C12
G40A	U+13C15
G305	U+13C16
G72	U+13C17
G73	U+13C18
G41A	U+13C19
G74	U+13C1B
G75A	U+13C1C
G76	U+13C1E
G76A	U+13C1F
G78	U+13C20
G81	U+13C21
G82	U+13C22
G83	U+13C23
G84	U+13C24
G172	U+13C25
G167	U+13C26
G168	U+13C27
G173	U+13C28
G174	U+13C29
G175	U+13C2A
G254	U+13C2B
G17C	U+13C2C
G17D	U+13C2D
G17A	U+13C2E
G17B	U+13C2F
G307	U+13C31
G166	U+13C32
G300	U+13C33
G29A	U+13C34
G255	U+13C35
G29B	U+13C37
G227	U+13C39
G30A	U+13C3A
G225	U+13C3B
G225A	U+13C3C
G298	U+13C3D
G299	U+13C3E
G33A	U+13C40
G222	U+13C41
G224	U+13C42
G212	U+13C44
G51A	U+13C45
G213	U+13C47
G213A	U+13C48
G213B	U+13C49
G31A	U+13C4A
G211	U+13C4B
G211A	U+13C4C
G25A	U+13C4D
G31F	U+13C4F
G31E	U+13C50
G215	U+13C51
G217A	U+13C52
G216	U+13C53
G216B	U+13C54
G216A	U+13C55
G217	U+13C57
G31D	U+13C58
G31B	U+13C59
G190	U+13C5B
G26C	U+13C5C
G278	U+13C5E
G191	U+13C5F
G191A	U+13C60
G192	U+13C61
G195	U+13C62
G195A	U+13C63
G196	U+13C64
G196A	U+13C65
G197	U+13C66
G198	U+13C67
G198A	U+13C68
G199	U+13C69
G199A	U+13C6A
G287	U+13C6B
G285	U+13C6C
G9A	U+13C6D
G286	U+13C6E
G105	U+13C6F
G106	U+13C70
G106A	U+13C71
G107	U+13C74
G108	U+13C78
G109	U+13C79
G112	U+13C7A
G7C	U+13C7C
G274	U+13C7D
G289	U+13C7E
G264A	U+13C80
G113	U+13C81
G7D	U+13C82
G114	U+13C83
G115A	U+13C85
G120	U+13C86
G121	U+13C87
G121A	U+13C88
G123	U+13C89
G125	U+13C8A
G125A	U+13C8B
G266A	U+13C8C
G127	U+13C8D
G127C	U+13C90
G129	U+13C91
G290	U+13C92
G129D	U+13C95
G130	U+13C96
G131	U+13C98
G131B	U+13C99
G132A	U+13C9A
G132	U+13C9B
G132B	U+13C9C
G133	U+13C9E
G136	U+13CA0
G265	U+13CA3
G139A	U+13CA4
G8A	U+13CA5
G8B	U+13CA6
G7E	U+13CA7
Q41	U+13CA8
G141	U+13CA9
G142	U+13CAA
G143	U+13CAB
G291	U+13CAC
G144	U+13CAD
G144B	U+13CAE
G145	U+13CAF
G147	U+13CB0
G152B	U+13CB1
G151	U+13CB2
G152A	U+13CB4
G152	U+13CB5
G153	U+13CB6
G153A	U+13CB7
G155	U+13CB9
G154	U+13CBB
G148	U+13CBC
G260	U+13CBD
G293	U+13CBE
G158	U+13CBF
G158A	U+13CC0
G158B	U+13CC1
G158C	U+13CC2
G161	U+13CC3
G161A	U+13CC4
G162	U+13CC5
G13A	U+13CC9
G164	U+13CCB
G165	U+13CCC
G162B	U+13CCD
G229	U+13CCF
G220	U+13CD0
G22	U+13CD2
G22A	U+13CD3
G53A	U+13CD5
G53C	U+13CD6
G53B	U+13CD7
G201	U+13CD8
G202	U+13CD9
G204	U+13CDB
G204A	U+13CDC
G250	U+13CDE
G296	U+13CDF
G230	U+13CE1
G306	U+13CE2
G48A	U+13CE3
G235	U+13CE4
G237	U+13CE5
G237A	U+13CE6
G309	U+13CE7
G310	U+13CE8
G232A	U+13CE9
G232	U+13CEA
G49C	U+13CEB
G49B	U+13CEC
G49E	U+13CED
G238	U+13CEF
G207	U+13CF0
G21A	U+13CF1
G21B	U+13CF2
G21C	U+13CF4
G210	U+13CF5
G210A	U+13CF6
G23A	U+13CF7
G200	U+13CF8
G24A	U+13CFA
G24B	U+13CFB
G14A	U+13CFC
G176	U+13CFD
G176A	U+13CFE
G177	U+13CFF
G179	U+13D00
G284	U+13D01
G283	U+13D02
G182	U+13D03
G16A	U+13D04
G16B	U+13D05
G185A	U+13D06
G185	U+13D07
G282	U+13D08
G186	U+13D09
G186D	U+13D0A
G186B	U+13D0C
G64	U+13D0D
G66	U+13D0E
H13	U+13D10
H14	U+13D14
H14A	U+13D15
H15	U+13D16
H16	U+13D17
H16A	U+13D18
H18A	U+13D19
H17	U+13D1A
H18	U+13D1B
H19	U+13D1C
H20	U+13D1D
H2A	U+13D1E
H5A	U+13D20
H5B	U+13D21
H30	U+13D22
H26	U+13D23
H45	U+13D24
H41	U+13D25
H31	U+13D26
H32	U+13D27
H25	U+13D28
H34	U+13D29
H46	U+13D2A
H38	U+13D2B
H39	U+13D2C
H40	U+13D2D
H42	U+13D2E
I28	U+13D2F
I3A	U+13D34
I106	U+13D38
I3C	U+13D39
I3B	U+13D3A
I3G	U+13D3B
I3K	U+13D3C
I3E	U+13D3E
I3J	U+13D3F
I18	U+13D40
I5B	U+13D41
I18C	U+13D45
I134	U+13D49
I19	U+13D4A
I20	U+13D4B
I6D	U+13D4C
I6A	U+13D4D
N28C	U+13D4E
I6B	U+13D4F
I6C	U+13D50
I21	U+13D51
I8A	U+13D53
I9A	U+13D54
I25A	U+13D55
I25C	U+13D56
I24A	U+13D57
I126	U+13D58
I9C	U+13D59
I114	U+13D5A
I96VARA	U+13D5B
I112	U+13D5C
I9B	U+13D5D
I118	U+13D5E
I24B	U+13D5F
I25	U+13D60
I117	U+13D62
I96	U+13D63
I27	U+13D65
I10B	U+13D66
I123	U+13D67
I30	U+13D68
I31C	U+13D69
I31A	U+13D6A
I121	U+13D6B
I119	U+13D6C
I122	U+13D6D
I124	U+13D6E
I33	U+13D6F
I99	U+13D70
I120	U+13D71
I40	U+13D73
I40F	U+13D75
I40C	U+13D76
I40D	U+13D77
I41	U+13D78
I64	U+13D79
I13A	U+13D7A
I43	U+13D7B
I44	U+13D7D
I45	U+13D7E
I46	U+13D7F
I47	U+13D80
I47A	U+13D81
I50	U+13D82
I105	U+13D83
I50A	U+13D84
I51	U+13D85
I54	U+13D86
I55	U+13D88
I56	U+13D89
I58	U+13D8A
I59	U+13D8B
I60	U+13D8C
I62	U+13D8D
I63	U+13D8F
I65	U+13D92
I67	U+13D93
I68	U+13D95
I70	U+13D97
I70B	U+13D9A
I71	U+13D9B
I73	U+13D9C
I74	U+13D9D
I75	U+13D9E
I76	U+13D9F
I107	U+13DA0
I107A	U+13DA1
I77	U+13DA2
I78	U+13DA3
I78A	U+13DA4
I79A	U+13DA5
I79	U+13DA6
I130	U+13DA9
I80	U+13DAB
I81	U+13DAC
I80A	U+13DAD
I85	U+13DB0
I86	U+13DB5
I127	U+13DB6
I15B	U+13DB7
I14C	U+13DB8
I88	U+13DB9
I89	U+13DBA
I86A	U+13DBB
I86B	U+13DBC
I86E	U+13DC0
I86F	U+13DC1
I86G	U+13DC2
I86D	U+13DC3
I14A	U+13DC4
I92	U+13DC5
I15C	U+13DC6
I86h	U+13DC7
I87	U+13DC8
I93	U+13DC9
I109	U+13DCA
I110	U+13DCB
K15	U+13DD1
K4A	U+13DD3
K17	U+13DD4
K4B	U+13DD5
K18	U+13DD6
K18B	U+13DD7
K18A	U+13DD9
K14	U+13DDA
K23	U+13DDB
K23A	U+13DDC
K24	U+13DDE
K26	U+13DE0
L9	U+13DE3
L12A	U+13DE4
L12	U+13DE5
L11	U+13DE6
L14	U+13DE8
L15	U+13DE9
L29	U+13DEB
L32	U+13DEC
L33	U+13DED
L3A	U+13DEE
L16	U+13DEF
L17	U+13DF1
L19	U+13DF2
L28	U+13DF3
L25	U+13DF4
L34	U+13DF8
M1C	U+13DFA
M50A	U+13DFB
M51	U+13DFC
M217	U+13DFD
N113A	U+13DFF
M1D	U+13E01
M46	U+13E03
M1B	U+13E04
M46B	U+13E05
M54	U+13E08
M54A	U+13E0A
M2A	U+13E0C
M2B	U+13E0D
M85	U+13E0E
M3B	U+13E0F
M3E	U+13E11
M3F	U+13E13
M62	U+13E14
M57	U+13E16
M60	U+13E17
M210	U+13E18
M4A	U+13E1A
M4B	U+13E1B
M5B	U+13E1D
M5A	U+13E1E
M7A	U+13E20
M7B	U+13E21
M64A	U+13E23
M64	U+13E24
M65	U+13E25
M67	U+13E26
M66	U+13E28
M69	U+13E29
M69A	U+13E2A
M70	U+13E2B
M8F	U+13E2C
M8E	U+13E2D
M8h	U+13E2F
M8A	U+13E30
M8B	U+13E31
M8G	U+13E32
M8I	U+13E35
M8C	U+13E37
M72A	U+13E39
M73	U+13E3A
M75	U+13E3B
M76	U+13E3C
M198	U+13E3D
M134	U+13E3E
M76A	U+13E40
M9B	U+13E41
M77A	U+13E42
M237	U+13E43
M82	U+13E46
M9A	U+13E47
M86B	U+13E48
M86C	U+13E49
M235	U+13E4D
M86	U+13E4E
M224A	U+13E4F
M224	U+13E50
M71	U+13E51
M90	U+13E52
M91	U+13E53
M240	U+13E54
M240A	U+13E55
M94	U+13E56
M95	U+13E57
M96	U+13E58
M11A	U+13E59
M11D	U+13E5B
M12B	U+13E5C
M102	U+13E5D
M106	U+13E5E
M104	U+13E5F
M105	U+13E60
M107	U+13E61
M109	U+13E62
M111	U+13E63
M112	U+13E64
M230	U+13E65
M13A	U+13E66
M13B	U+13E67
M131A	U+13E68
M131	U+13E69
M113	U+13E6A
M116	U+13E6B
M117	U+13E6C
M118	U+13E6D
M119	U+13E6E
M125	U+13E6F
M129	U+13E70
M133	U+13E71
M83	U+13E72
M16A	U+13E73
M15A	U+13E74
M139A	U+13E75
M97	U+13E76
M140A	U+13E78
M138A	U+13E79
M135	U+13E7A
M137	U+13E7B
M140	U+13E7C
M138	U+13E7D
M138B	U+13E7E
M142	U+13E7F
M215	U+13E80
M232	U+13E82
M17A	U+13E84
M233	U+13E85
M148	U+13E87
M149	U+13E88
M150	U+13E89
M22A	U+13E8C
M152	U+13E8D
M153	U+13E8E
M24A	U+13E8F
M154	U+13E90
M245	U+13E91
M155	U+13E92
M156	U+13E93
M157	U+13E94
M162	U+13E95
M163	U+13E96
M23A	U+13E97
M26A	U+13E98
M165	U+13E9A
M167	U+13E9C
M244	U+13E9D
M170	U+13E9E
M171A	U+13E9F
M171	U+13EA0
M32A	U+13EA1
M31A	U+13EA3
M236	U+13EA4
M33B	U+13EA5
M175	U+13EA6
M174	U+13EA7
M36A	U+13EA8
M177A	U+13EA9
M38A	U+13EAA
M37C	U+13EAB
M38B	U+13EAC
M37A	U+13EAD
M182	U+13EAE
M37B	U+13EAF
M39B	U+13EB2
M40A	U+13EB3
M40C	U+13EB4
M185	U+13EB5
M185A	U+13EB6
M43A	U+13EB7
M194	U+13EB9
M191	U+13EBA
M201	U+13EBB
M181	U+13EBC
M173	U+13EBD
M190	U+13EBE
M192	U+13EBF
M195	U+13EC1
N50	U+13EC2
US685N1VARA	U+13EC4
N44	U+13EC5
N45	U+13EC6
N46	U+13EC7
N3A	U+13EC8
N46A	U+13EC9
N46B	U+13ECA
N3B	U+13ECC
N49	U+13ECE
N4G	U+13ECF
N4B	U+13ED0
N4E	U+13ED1
N122	U+13ED2
N6A	U+13ED3
N6B	U+13ED4
N51	U+13ED5
N6C	U+13ED6
N51A	U+13ED7
N6D	U+13ED8
N52	U+13ED9
N142	U+13EDA
N55	U+13EDB
N108	U+13EDC
N8	U+13EDE
N8D	U+13EDF
N8A	U+13EE0
N8B	U+13EE1
N56	U+13EE2
N55A	U+13EE3
N58	U+13EE7
N58A	U+13EE8
N59	U+13EEA
N60	U+13EEB
N60A	U+13EEC
N132	U+13EED
N133	U+13EEE
N132B	U+13EEF
N132A	U+13EF0
N133B	U+13EF1
N62	U+13EF3
N62B	U+13EF4
N63	U+13EF5
N64	U+13EF6
N18A	U+13EF7
N67A	U+13EF9
N70A	U+13EFA
N16D	U+13EFB
N16A	U+13EFD
N16B	U+13EFE
N16C	U+13EFF
N97B	U+13F00
N106	U+13F01
N24B	U+13F03
N24h	U+13F04
N24F	U+13F05
N24D	U+13F06
N24A	U+13F07
N71	U+13F08
N120	U+13F09
N24E	U+13F0A
N24C	U+13F0B
N73	U+13F0C
N74	U+13F0D
N111	U+13F0E
N113	U+13F0F
N113B	U+13F10
N113C	U+13F11
N119	U+13F12
A337	U+13F13
N76	U+13F14
N76A	U+13F15
N77	U+13F16
N82	U+13F17
N117	U+13F18
N83	U+13F1A
N85	U+13F1B
N118	U+13F1C
N115	U+13F1D
N88	U+13F1E
N92	U+13F20
N95	U+13F21
N138	U+13F22
N137	U+13F23
N30A	U+13F25
N97	U+13F27
N31h	U+13F29
N31E	U+13F2B
N31F	U+13F2C
N31G	U+13F2D
N31A	U+13F2E
N102A	U+13F31
N140	U+13F32
N97C	U+13F33
N36C	U+13F34
N36B	U+13F35
N36A	U+13F36
N99	U+13F37
N100	U+13F38
N101	U+13F39
N103A	U+13F3A
N37A	U+13F3C
N36D	U+13F3D
N139	U+13F3E
N135	U+13F3F
N141	U+13F40
N40A	U+13F42
N97A	U+13F43
N104	U+13F44
N34A	U+13F46
Z24	U+13F47
N124	U+13F48
N124A	U+13F49
N57	U+13F4A
N107	U+13F4B
O53	U+13F4C
O70	U+13F4D
O71A	U+13F4E
O71	U+13F4F
O72	U+13F51
O262	U+13F52
O4B	U+13F53
O1B	U+13F54
O6C	U+13F55
O285A	U+13F56
O84	U+13F57
O6B	U+13F58
O6A	U+13F59
O216	U+13F5A
O88	U+13F5B
O88A	U+13F5C
O96	U+13F5D
O9B	U+13F60
O9C	U+13F61
O11A	U+13F65
O99	U+13F67
O98A	U+13F68
O260	U+13F69
O303	U+13F6F
O36C	U+13F72
O37A	U+13F73
O118	U+13F74
O120	U+13F77
O36D	U+13F78
O121	U+13F79
O121B	U+13F7A
O129	U+13F7B
O130	U+13F7C
O131	U+13F7D
O131A	U+13F7E
O33A	U+13F7F
O33C	U+13F80
O132	U+13F82
O337	U+13F83
O137	U+13F88
O138	U+13F89
O152	U+13F8A
O21B	U+13F8B
O21D	U+13F8C
O18D	U+13F8D
O280	U+13F8E
O21C	U+13F8F
O329B	U+13F90
O32B	U+13F92
O32C	U+13F93
O276	U+13F94
O145A	U+13F95
O32D	U+13F96
O16	U+13F97
O16A	U+13F98
O16B	U+13F99
O18E	U+13F9B
O18B	U+13F9C
O18A	U+13F9D
O148	U+13F9F
O150	U+13FA0
O329A	U+13FA1
O329	U+13FA2
M211	U+13FA3
O154	U+13FA4
O153C	U+13FA5
O19C	U+13FA6
O156	U+13FA7
O275	U+13FA8
O157	U+13FA9
O158	U+13FAA
O160	U+13FAB
O20A	U+13FAC
O161	U+13FAE
O21A	U+13FAF
O166	U+13FB0
O167B	U+13FB2
O184	U+13FB3
O185	U+13FB4
O169A	U+13FB7
O169	U+13FB8
O501	U+13FBA
O346	U+13FBB
O22A	U+13FBC
O22B	U+13FBD
O22C	U+13FBE
O180	U+13FBF
O23L	U+13FC0
O23B	U+13FC1
O189A	U+13FC2
O23C	U+13FC3
W4A	U+13FC4
W37	U+13FC5
W37B	U+13FC6
O23Q	U+13FC7
O23T	U+13FC8
W35A	U+13FC9
W35	U+13FCA
O23D	U+13FCC
W37D	U+13FCE
W37A	U+13FCF
O23E	U+13FD0
O23F	U+13FD1
O23P	U+13FD3
O23K	U+13FD4
O182	U+13FD5
O342	U+13FD6
O283	U+13FD7
O24A	U+13FD8
O194	U+13FD9
O191	U+13FDA
O191A	U+13FDB
O195A	U+13FDD
O196A	U+13FDE
O28	U+13FDF
O164A	U+13FE1
O28B	U+13FE2
O201	U+13FE3
O210A	U+13FE4
O206	U+13FE5
O207	U+13FE6
O211	U+13FE7
O210	U+13FE8
O209	U+13FE9
O214	U+13FEA
O215	U+13FEC
O212	U+13FED
O217	U+13FEE
O218	U+13FEF
O219	U+13FF0
O222	U+13FF2
O14C	U+13FF3
O42A	U+13FF5
O42B	U+13FF6
O42C	U+13FF7
O42D	U+13FF8
O42F	U+13FF9
O42J	U+13FFA
O42I	U+13FFB
O42K	U+13FFC
O43A	U+13FFD
O43B	U+13FFE
O51B	U+13FFF
O51C	U+14001
O51A	U+14003
O229	U+14004
O229A	U+14005
Aa50A	U+14006
Aa50	U+14007
O234	U+14009
O44C	U+1400A
O44B	U+1400B
R131	U+1400C
O237	U+14011
O238	U+14013
O231	U+14014
O48A	U+14015
O243	U+14017
O338	U+14018
P13	U+1401A
P15A	U+1401B
P16	U+1401C
P22	U+1401D
P19	U+1401E
P17	U+1401F
P1B	U+14021
P104A	U+14023
P22A	U+14024
P24	U+14025
P20	U+14026
P25	U+14027
P23	U+14028
P23A	U+14029
P26	U+1402A
P30	U+1402B
P30A	U+1402C
P27	U+1402E
P27A	U+1402F
P106	U+14030
P28	U+14031
P29	U+14032
P34	U+14033
P4A	U+14034
P71	U+14035
P71A	U+14036
P32	U+14037
P3	U+14039
P3A	U+1403A
P111	U+1403B
P71B	U+1403C
P2E	U+1403D
P2C	U+1403E
P2h	U+1403F
P2A	U+14040
P2B	U+14041
P2I	U+14042
P36	U+14043
P36B	U+14044
P37	U+14045
P36A	U+14047
P39	U+14048
P40	U+14049
P42	U+1404A
P44	U+1404E
P44C	U+1404F
P44D	U+14050
P45	U+14053
P46	U+14054
P51	U+14055
P98	U+14056
P53	U+14059
P110	U+1405B
P54	U+1405C
P55	U+1405D
P56	U+1405E
P56A	U+1405F
P57	U+14060
V47A	U+14062
P58	U+14064
P59B	U+14065
P59A	U+14066
P115	U+14068
P60A	U+14069
P60B	U+1406A
P63	U+1406B
P68	U+1406C
P66A	U+1406E
P66	U+1406F
P116	U+14070
P61B	U+14072
P66B	U+14073
P97A	U+14074
P97C	U+14075
P4B	U+14077
P4C	U+14078
P74	U+1407A
P5Q	U+1407B
P5S	U+1407C
P5B	U+1407D
P5F	U+1407E
P5O	U+1407F
P5A	U+14080
P5M	U+14082
P5D	U+14083
P5I	U+14084
P5J	U+14085
P5h	U+14086
P5K	U+14087
P5L	U+14089
P5G	U+1408A
P118	U+1408B
P76A	U+1408D
P6A	U+1408E
Aa23A	U+1408F
P83	U+14090
P8A	U+14091
P10B	U+14092
P86	U+14093
P90	U+14094
Aa5A	U+14095
Aa5C	U+14096
Aa5B	U+14097
P93	U+14098
Q1B	U+1409A
Q12A	U+1409C
Q12B	U+1409D
Q12	U+1409E
Q13	U+140A0
Q2C	U+140A1
Q2A	U+140A2
Q2B	U+140A4
Q16	U+140A5
Q4A	U+140A6
Q42	U+140A7
Q18	U+140A8
Q23	U+140A9
Q18A	U+140AA
Q19	U+140AB
Q20	U+140AC
Q22	U+140AD
Q43	U+140AE
Q24	U+140B0
Q27	U+140B2
Q28A	U+140B5
Q29	U+140B6
Q31	U+140B7
Q37	U+140B8
Q14	U+140B9
Q33	U+140BA
Q6I	U+140BB
Q6D	U+140BD
Q35	U+140BE
Q47	U+140BF
Q6G	U+140C0
Q6A	U+140C1
O159	U+140C2
Q6B	U+140C3
Q6C	U+140C4
Q6E	U+140C5
Q7A	U+140C6
Q7G	U+140C7
Q7B	U+140C9
Q7E	U+140CA
Q7F	U+140CB
Q36A	U+140CD
R1E	U+140CF
R1h	U+140D0
R1C	U+140D1
R1D	U+140D2
R121	U+140D3
R30	U+140D4
R3R	U+140D5
R33	U+140D6
R3C	U+140D7
R3N	U+140D8
R3E	U+140D9
R3O	U+140DA
R3M	U+140DB
R3D	U+140DC
R3AB	U+140DF
R3F	U+140E0
R3W	U+140E3
R3AC	U+140E4
R35	U+140E5
R36	U+140E7
R40	U+140E8
R40A	U+140E9
R36C	U+140EA
R36A	U+140EB
R37	U+140EC
R36B	U+140ED
R1I	U+140EF
R38A	U+140F1
R12O	U+140F2
R42A	U+140F5
R42	U+140F6
R42B	U+140F7
R42C	U+140F8
R7C	U+140F9
R7A	U+140FA
R7B	U+140FB
R8A	U+140FC
R45	U+140FF
R46	U+14100
R107	U+14101
R107A	U+14102
R47	U+14103
R49	U+14105
R50	U+14106
R10h	U+14108
R10D	U+14109
R10G	U+1410A
R10A	U+1410F
R108	U+14111
R55	U+14112
R122	U+14113
R56	U+14115
R91	U+14116
R12A	U+14117
R92A	U+14118
R123	U+14119
R92	U+1411A
R59	U+1411B
R58	U+1411C
R60	U+1411D
R61	U+1411E
R14A	U+1411F
R63	U+14120
R14B	U+14121
R63A	U+14122
R65A	U+14123
R65	U+14125
R70	U+14126
R124	U+14127
R72	U+14129
R15A	U+1412B
R72A	U+1412C
R76	U+1412D
R127	U+1412E
R15B	U+1412F
R127A	U+14130
R80	U+14133
R17A	U+14134
R17D	U+14135
R83	U+14137
R18A	U+14138
R18F	U+14139
R18B	U+1413A
R18D	U+1413B
R17C	U+1413D
R82	U+1413E
R82A	U+1413F
R81	U+14140
R109	U+14142
R19A	U+14143
R20A	U+14144
R23B	U+14146
R118	U+14147
R88	U+14148
R85	U+14149
R62A	U+1414A
R88A	U+1414B
R114	U+1414C
S1A	U+1414D
S46	U+1414F
S47	U+14150
S47A	U+14152
S48	U+14153
S2A	U+14154
S49A	U+14155
S182	U+14156
S50	U+14157
S183	U+14159
S55	U+1415C
S56A	U+1415D
S57	U+1415F
S57C	U+14160
S57B	U+14161
S57A	U+14162
S59	U+14163
S10A	U+14164
S8A	U+14166
S186	U+14167
S60A	U+14169
S60	U+1416A
S61	U+1416B
S61A	U+1416C
S62	U+1416E
S63	U+1416F
S63A	U+14170
S9A	U+14171
S68	U+14172
S67	U+14173
S64	U+14174
S72A	U+14176
S72	U+14177
S75	U+14178
S74	U+14179
S73	U+1417A
S76	U+1417B
S77	U+1417C
S78A	U+1417E
S75A	U+1417F
S80A	U+14180
S187	U+14182
S82	U+14183
S83	U+14184
S84	U+14185
S85	U+14186
S188A	U+14188
S11B	U+1418A
S11A	U+1418B
S11D	U+1418C
S91	U+1418D
S92	U+1418F
S91A	U+14190
W107	U+14192
S96	U+14193
S191	U+14194
S12A	U+14195
N4F	U+14197
S17B	U+14199
S15A	U+1419A
N4A	U+1419B
N4D	U+1419C
S197	U+1419E
S18B	U+141A0
S98	U+141A1
S100	U+141A3
S100A	U+141A4
S20A	U+141A9
S22A	U+141AB
S105	U+141AC
W109	U+141AE
S109	U+141B0
S114	U+141B2
S115	U+141B3
S116	U+141B4
S117	U+141B5
S118	U+141B6
S113A	U+141B7
S124	U+141BA
S124A	U+141BB
S124C	U+141BC
S124D	U+141BD
S124E	U+141BE
S32A	U+141C0
S129	U+141C2
S130	U+141C3
S106	U+141C4
S133	U+141C5
S134	U+141C6
S135	U+141C7
S176	U+141C8
S36D	U+141CA
S36B	U+141CB
S36A	U+141CC
S36C	U+141CD
S37C	U+141CF
S37D	U+141D0
S37B	U+141D1
S37A	U+141D2
S198	U+141D3
S151	U+141D4
S152	U+141D5
S152A	U+141D6
S152B	U+141D7
S42A	U+141D8
S153	U+141D9
S44A	U+141DA
S43A	U+141DB
S43B	U+141DC
S168	U+141DE
S44	U+141DF
S109A	U+141E1
U26A	U+141E2
S167	U+141E3
Aa21A	U+141E5
Aa42	U+141E8
Aa20B	U+141E9
T137	U+141EA
Aa20C	U+141EB
Aa20A	U+141EC
Aa41	U+141EF
S89	U+141F1
S107	U+141F2
S112	U+141F3
S88	U+141F4
S104	U+141F5
S203	U+141F6
T3C	U+141F7
T3A	U+141F8
T3B	U+141F9
T1A	U+141FA
T3F	U+141FC
T117	U+141FD
T44	U+14200
T36	U+14201
T49	U+14202
T7B	U+14204
Aa70	U+14205
T53	U+14206
S18A	U+14207
T9D	U+14208
T9B	U+14209
T126	U+1420A
T11B	U+1420C
T125	U+1420E
T131	U+1420F
T58A	U+14210
T60A	U+14213
T63	U+14214
T63C	U+14217
T64	U+14218
T116B	U+14219
T64B	U+1421A
T116	U+1421B
T116A	U+1421C
T62	U+1421D
T63A	U+1421E
Aa18A	U+14220
T67	U+14224
T67A	U+14225
T12A	U+14226
T12B	U+14227
T13A	U+14229
T14A	U+1422A
T72	U+1422B
T133	U+1422C
T124	U+1422E
T73	U+1422F
T73A	U+14231
T130	U+14234
T74	U+14235
T18A	U+14236
T75	U+14237
T19A	U+14238
T76A	U+14239
T79	U+1423A
T76B	U+1423B
T19	U+1423D
T76	U+1423E
T19C	U+1423F
T120	U+14240
T21A	U+14241
T21D	U+14243
T11C	U+14244
T21C	U+14246
T21E	U+14247
T80	U+14248
T80B	U+14249
T22A	U+1424B
T22B	U+1424C
T22D	U+1424D
T83A	U+1424E
T83	U+1424F
T84	U+14252
T84B	U+14253
T128A	U+14254
T128	U+14255
T84A	U+14256
T85	U+14257
T136	U+14258
T88B	U+14259
T88	U+1425A
T24B	U+1425C
T88A	U+1425D
T24A	U+1425F
T89	U+14260
T25E	U+14261
T25C	U+14263
T25A	U+14264
T25B	U+14265
T26B	U+14266
T26E	U+14267
T26F	U+14268
T26G	U+14269
T26h	U+1426B
T26A	U+1426C
T26D	U+1426E
T51	U+1426F
T90	U+14270
U100	U+14271
T93	U+14273
T30A	U+14274
T95A	U+14276
T95	U+14277
T95B	U+14278
T101	U+14279
T102	U+1427A
T102A	U+1427B
N78	U+1427C
T103A	U+1427E
T31A	U+14281
T29C	U+14283
T29A	U+14284
T32B	U+14286
T140	U+14287
T33A	U+14288
T106	U+14289
T113	U+1428A
T86	U+1428B
T87	U+1428C
T109	U+1428D
T94	U+1428E
U131	U+1428F
U7B	U+14290
U7C	U+14291
U7A	U+14293
U7D	U+14294
U52	U+14295
U50A	U+14296
U55A	U+14298
U54	U+1429A
U55	U+1429B
U13C	U+1429D
U14A	U+1429E
U13B	U+1429F
U58	U+142A0
U13D	U+142A1
U117	U+142A2
U15A	U+142A4
U16A	U+142A5
U16D	U+142A6
U122	U+142A7
U119	U+142AA
U19A	U+142AB
U21A	U+142AE
U64	U+142AF
U65	U+142B0
U22A	U+142B1
U24E	U+142B2
U127	U+142B3
U27B	U+142B4
U128	U+142B5
U27A	U+142B6
U23B	U+142B7
U23E	U+142B8
U72	U+142BB
U25C	U+142BC
U25B	U+142BD
U24M	U+142BF
U24J	U+142C0
U24K	U+142C1
U24I	U+142C3
U24A	U+142C4
U24D	U+142C7
U24h	U+142C8
U74	U+142C9
U25A	U+142CD
U24C	U+142CE
U24G	U+142CF
U24B	U+142D0
U75	U+142D2
U24N	U+142D7
U30A	U+142D8
U32A	U+142DB
U32B	U+142DC
U33A	U+142DD
U34A	U+142DE
U89	U+142E1
U38A	U+142E2
U38C	U+142E3
U91	U+142E4
U39A	U+142E5
U39C	U+142E6
U39P	U+142E7
U39F	U+142E8
U39O	U+142E9
U39N	U+142EB
U39I	U+142EC
U39B	U+142ED
U39Q	U+142EE
U39h	U+142EF
U39E	U+142F1
U39D	U+142F2
U94	U+142F3
U94A	U+142F4
U95	U+142F5
U96	U+142F6
U97	U+142F9
U97A	U+142FA
U99A	U+142FB
U99B	U+142FC
U99C	U+142FD
Aa23S	U+14301
Aa23C	U+14302
Aa23R	U+14303
Aa23D	U+14304
Aa23B	U+14305
Aa23J	U+14306
Aa23L	U+14307
Aa23K	U+14309
Aa23F	U+1430A
Aa23P	U+1430B
Aa23O	U+1430C
Aa23I	U+1430E
Aa23M	U+1430F
Aa24A	U+14310
Aa24B	U+14311
S132	U+14312
U101	U+14313
U103	U+14314
U93	U+14315
Aa27C	U+14316
Aa27D	U+14317
Aa27E	U+14318
U98	U+14319
U109	U+1431A
U105	U+1431B
U107	U+1431C
V2B	U+1431E
V43A	U+1431F
V46	U+14320
V45	U+14321
V48	U+14322
V49	U+14323
V54	U+14324
V58	U+14326
V59	U+14327
V62	U+14328
V63	U+14329
V16A	U+1432B
V16B	U+1432C
V17B	U+1432E
V21A	U+1432F
V117	U+14331
V117A	U+14332
V23B	U+14333
V65A	U+14334
Aa27A	U+14335
V65	U+14336
V28A	U+14337
V28B	U+14338
V28C	U+14339
V119	U+1433A
V29A	U+1433F
V91	U+14340
V89	U+14341
V31B	U+14343
V96	U+14344
V115	U+14345
V97	U+14346
V32D	U+14347
V32E	U+14348
V32B	U+14349
V98	U+1434A
V36G	U+1434C
V36E	U+1434D
V36A	U+1434E
V36h	U+1434F
V36B	U+14351
F143	U+14352
V131	U+14353
F143C	U+14354
V132	U+14355
V102	U+14356
V110	U+14357
W1B	U+14359
W27B	U+1435A
W27	U+1435B
W2B	U+1435D
W29	U+1435E
W27A	U+1435F
W30	U+14360
W32	U+14361
W32A	U+14362
W3A	U+14363
W38	U+14365
W39	U+14366
W9B	U+14368
W9A	U+14369
W40	U+1436A
W41	U+1436B
W10B	U+1436C
W11A	U+1436D
W14A	U+1436E
W15A	U+1436F
W15B	U+14370
W45	U+14372
W47	U+14375
W48	U+14376
W48A	U+14377
W16A	U+14378
W17B	U+14379
W17C	U+1437A
W17D	U+1437B
W17A	U+1437C
W18B	U+1437D
W18A	U+1437E
W50	U+14381
W121	U+14382
W52	U+14383
W53	U+14384
W53A	U+14385
W54	U+14386
W57	U+14387
W56	U+14388
W122	U+1438A
W21A	U+1438B
W21B	U+1438C
W21C	U+1438D
W123	U+1438E
W59	U+1438F
W60	U+14390
W61	U+14391
W113	U+14392
W63	U+14394
W101	U+14395
W124	U+14396
W64	U+14398
W65	U+14399
W66	U+1439C
W67	U+1439E
W119	U+1439F
W70	U+143A0
W120	U+143A1
W69	U+143A2
W112	U+143A3
W72	U+143A4
W73	U+143A5
W78A	U+143A6
W62	U+143A7
W76	U+143A8
W77	U+143A9
W78	U+143AA
W79	U+143AB
W80	U+143AC
W85	U+143AD
W125	U+143AE
W117	U+143B1
W88	U+143B2
W89	U+143B3
W92	U+143B4
W93	U+143B5
W95	U+143B6
W7A	U+143B8
W100	U+143B9
W104	U+143BA
W98	U+143BB
X2D	U+143BC
X2A	U+143BE
X2B	U+143BF
X3A	U+143C0
X3B	U+143C1
X4B	U+143C3
X4	U+143C5
X4E	U+143C7
X4C	U+143C8
X5A	U+143C9
X6D	U+143CA
X6A	U+143CB
X6B	U+143CC
X13	U+143CD
X10	U+143CE
US248Y1VARB	U+143CF
Y23	U+143D0
Y3B	U+143D1
Y3C	U+143D2
Y11	U+143D4
Y12	U+143D5
Y13	U+143D6
Y27	U+143D7
Y7A	U+143D9
Y16	U+143DD
Y17	U+143DE
Y24	U+143E0
Y18A	U+143E1
Y18	U+143E2
Y8A	U+143E4
Y21	U+143E6
Z2C	U+143E7
Z11A	U+143E9
Z11B	U+143EA
Z26	U+143EB
Z20	U+143EC
Z22	U+143ED
Z30	U+143EE
Z36	U+143EF
Z6A	U+143F0
Z31	U+143F1
Z37	U+143F2
Ff100	U+143F3
Ff101	U+143F4
Ff110	U+143F5
Aa8A	U+143F7
Aa78	U+143F9
Aa80	U+143FA
